[{
  "_id": {
    "$oid": "630abd8fb585880c9e3a1557"
  },
  "or_id": 1,
  "or_name": "Balasaheb",
  "or_weight": "0",
  "or_rate": "0",
  "or_total_amount": "800",
  "or_address": "Jugul",
  "or_ordered_by": "balasahebpatil243@gmail.com",
  "or_date": "28-8-2022 6:27",
  "or_time": "6:27",
  "or_cancel_status": "Ordered",
  "or_transaction_id": "pay_KAraxbww4dAUVf",
  "or_status": "1",
  "or_created_by": "vaish@gmail.com"
},{
  "_id": {
    "$oid": "630ac2d1b585880c9e3a155f"
  },
  "or_id": 2,
  "or_name": "deepa",
  "or_weight": "0",
  "or_rate": "0",
  "or_total_amount": "800",
  "or_address": "Chikkodi",
  "or_ordered_by": "deepa@gmail.com",
  "or_date": "28-8-2022 6:50",
  "or_time": "6:50",
  "or_cancel_status": "Ordered",
  "or_transaction_id": "pay_KArydaXlGAKvZd",
  "or_status": "1",
  "or_created_by": "vaish@gmail.com"
},{
  "_id": {
    "$oid": "630ac6cfb585880c9e3a1564"
  },
  "or_id": 3,
  "or_name": "Rohi",
  "or_weight": "0",
  "or_rate": "0",
  "or_total_amount": "800",
  "or_address": "Chikkodi",
  "or_ordered_by": "rohi@gmail.com",
  "or_date": "28-8-2022 7:7",
  "or_time": "7:7",
  "or_cancel_status": "Ordered",
  "or_transaction_id": "pay_KAsGccq9PEVE3O",
  "or_status": "1",
  "or_created_by": "undefined"
},{
  "_id": {
    "$oid": "630acae7b585880c9e3a1578"
  },
  "or_id": 4,
  "or_name": "reva",
  "or_weight": "0",
  "or_rate": "0",
  "or_total_amount": "180",
  "or_address": "Belgaum",
  "or_ordered_by": "reva@gmail.com",
  "or_date": "28-8-2022 7:24",
  "or_time": "7:24",
  "or_cancel_status": "Ordered",
  "or_transaction_id": "pay_KAsZAcxY8ZJwP5",
  "or_status": "1",
  "or_created_by": "undefined"
},{
  "_id": {
    "$oid": "630acc2bb585880c9e3a157e"
  },
  "or_id": 5,
  "or_name": "Yogesh",
  "or_weight": "0",
  "or_rate": "0",
  "or_total_amount": "650",
  "or_address": "Chikkodi",
  "or_ordered_by": "yogesh@gmail.com",
  "or_date": "28-8-2022 7:30",
  "or_time": "7:30",
  "or_cancel_status": "Ordered",
  "or_transaction_id": "pay_KAsemeFFPVqW6e",
  "or_status": "1",
  "or_created_by": "amit@gmail.com"
},{
  "_id": {
    "$oid": "630accdab585880c9e3a1584"
  },
  "or_id": 6,
  "or_name": "Sushil",
  "or_weight": "0",
  "or_rate": "0",
  "or_total_amount": "880",
  "or_address": "Jugul",
  "or_ordered_by": "sushil@gmail.com",
  "or_date": "28-8-2022 7:33",
  "or_time": "7:33",
  "or_cancel_status": "Ordered",
  "or_transaction_id": "pay_KAshqaW8C3cgrS",
  "or_status": "1",
  "or_created_by": "abhi@gmail.com"
}]