[{
  "_id": {
    "$oid": "630acb11b585880c9e3a157a"
  },
  "co_id": 1,
  "co_name": "reva",
  "co_mobile": "7878745412",
  "co_email": "reva@gmail.com",
  "co_subject": "Feedback",
  "co_message": "Good Quality Meat",
  "co_status": "0"
},{
  "_id": {
    "$oid": "630acc50b585880c9e3a1580"
  },
  "co_id": 2,
  "co_name": "Yogesh",
  "co_mobile": "7878787457",
  "co_email": "yogesh@gmail.com",
  "co_subject": "About Produt",
  "co_message": "A-1 Product",
  "co_status": "0"
},{
  "_id": {
    "$oid": "630accfeb585880c9e3a1586"
  },
  "co_id": 3,
  "co_name": "Sushil",
  "co_mobile": "8867645598",
  "co_email": "sushil@gmail.com",
  "co_subject": "Feedback",
  "co_message": "Good quality chicken",
  "co_status": "0"
}]