[{
  "_id": {
    "$oid": "630abce5b585880c9e3a1553"
  },
  "ap_id": 1,
  "ap_image": "raw_material/static/media/products/images.jpg",
  "ap_type": "New",
  "ap_name": "Fish",
  "ap_weight": "50",
  "ap_rate": "800",
  "ap_description": "Marine Fish",
  "ap_status": "0",
  "ap_created_by": "vaish@gmail.com",
  "ap_created_name": "vaish"
},{
  "_id": {
    "$oid": "630ac8bab585880c9e3a156d"
  },
  "ap_id": 2,
  "ap_image": "raw_material/static/media/products/prawhenset1_k5KJ17S.jpg",
  "ap_type": "Recently Purchased",
  "ap_name": "Chicken",
  "ap_weight": "70",
  "ap_rate": "180",
  "ap_description": "A-1 Chicken",
  "ap_status": "0",
  "ap_created_by": "anjesh@gmail.com",
  "ap_created_name": "Anjesh"
},{
  "_id": {
    "$oid": "630ac96db585880c9e3a156f"
  },
  "ap_id": 3,
  "ap_image": "raw_material/static/media/products/raw-fresh-pork-collar-joint-2128368_nHEoc6O.jpg",
  "ap_type": "Most Popular",
  "ap_name": "Mutton",
  "ap_weight": "80",
  "ap_rate": "650",
  "ap_description": "Quality Mutton",
  "ap_status": "0",
  "ap_created_by": "amit@gmail.com",
  "ap_created_name": "Amit"
},{
  "_id": {
    "$oid": "630ac9b7b585880c9e3a1571"
  },
  "ap_id": 4,
  "ap_image": "raw_material/static/media/products/parva_whole_ncWsjFT.jpg",
  "ap_type": "New",
  "ap_name": "Fish",
  "ap_weight": "40",
  "ap_rate": "900",
  "ap_description": "Quality Fish",
  "ap_status": "0",
  "ap_created_by": "nikhil@gmail.com",
  "ap_created_name": "Nikhil"
},{
  "_id": {
    "$oid": "630aca95b585880c9e3a1575"
  },
  "ap_id": 5,
  "ap_image": "raw_material/static/media/products/image.jpg",
  "ap_type": "Recently Purchased",
  "ap_name": "Chicken",
  "ap_weight": "40",
  "ap_rate": "220",
  "ap_description": "Quality Meat",
  "ap_status": "0",
  "ap_created_by": "abhi@gmail.com",
  "ap_created_name": "Abhi"
}]