[{
  "_id": {
    "$oid": "630abd87b585880c9e3a1556"
  },
  "ct_id": 1,
  "ct_name": "Fish",
  "ct_image": "raw_material/static/media/products/images.jpg",
  "ct_weight": "1",
  "ct_price": "800",
  "ct_total_amount": 800,
  "ct_ordered_by": "balasahebpatil243@gmail.com",
  "ct_status": "1",
  "ct_created_by": "vaish@gmail.com"
},{
  "_id": {
    "$oid": "630ac2cab585880c9e3a155e"
  },
  "ct_id": 2,
  "ct_name": "Fish",
  "ct_image": "raw_material/static/media/products/images.jpg",
  "ct_weight": "1",
  "ct_price": "800",
  "ct_total_amount": 800,
  "ct_ordered_by": "deepa@gmail.com",
  "ct_status": "1",
  "ct_created_by": "vaish@gmail.com"
},{
  "_id": {
    "$oid": "630acc25b585880c9e3a157d"
  },
  "ct_id": 3,
  "ct_name": "Mutton",
  "ct_image": "raw_material/static/media/products/raw-fresh-pork-collar-joint-2128368_nHEoc6O.jpg",
  "ct_weight": "1",
  "ct_price": "650",
  "ct_total_amount": 650,
  "ct_ordered_by": "yogesh@gmail.com",
  "ct_status": "1",
  "ct_created_by": "amit@gmail.com"
},{
  "_id": {
    "$oid": "630accd4b585880c9e3a1583"
  },
  "ct_id": 4,
  "ct_name": "Chicken",
  "ct_image": "raw_material/static/media/products/image.jpg",
  "ct_weight": "4",
  "ct_price": "220",
  "ct_total_amount": 880,
  "ct_ordered_by": "sushil@gmail.com",
  "ct_status": "1",
  "ct_created_by": "abhi@gmail.com"
}]