[{
  "_id": {
    "$oid": "630abc4eb585880c9e3a154e"
  },
  "ad_id": 1,
  "ad_name": "Admin",
  "ad_mobile": "8867645595",
  "ad_email": "admin@gmail.com",
  "ad_password": "Admin@123",
  "ad_role": "Admin",
  "ad_status": "0",
  "ad_created_by": ""
},{
  "_id": {
    "$oid": "630abc96b585880c9e3a1551"
  },
  "ad_id": 2,
  "ad_name": "vaish",
  "ad_mobile": "7878787878",
  "ad_email": "vaish@gmail.com",
  "ad_password": "Vaish@123",
  "ad_role": "Vendor",
  "ad_status": "0",
  "ad_created_by": ""
},{
  "_id": {
    "$oid": "630ac7cbb585880c9e3a1568"
  },
  "ad_id": 3,
  "ad_name": "Anjesh",
  "ad_mobile": "9874561239",
  "ad_email": "anjesh@gmail.com",
  "ad_password": "Anjesh@123",
  "ad_role": "Vendor",
  "ad_status": "0",
  "ad_created_by": ""
},{
  "_id": {
    "$oid": "630ac7fcb585880c9e3a1569"
  },
  "ad_id": 4,
  "ad_name": "Sushant",
  "ad_mobile": "8867645595",
  "ad_email": "sushant@gmail.com",
  "ad_password": "Sush@123",
  "ad_role": "Vendor",
  "ad_status": "1",
  "ad_created_by": ""
},{
  "_id": {
    "$oid": "630ac82bb585880c9e3a156a"
  },
  "ad_id": 5,
  "ad_name": "Amit",
  "ad_mobile": "7878787878",
  "ad_email": "amit@gmail.com",
  "ad_password": "Amit@123",
  "ad_role": "Vendor",
  "ad_status": "0",
  "ad_created_by": ""
},{
  "_id": {
    "$oid": "630ac864b585880c9e3a156b"
  },
  "ad_id": 6,
  "ad_name": "Nikhil",
  "ad_mobile": "7878787878",
  "ad_email": "nikhil@gmail.com",
  "ad_password": "Nikhil@123",
  "ad_role": "Vendor",
  "ad_status": "0",
  "ad_created_by": ""
},{
  "_id": {
    "$oid": "630aca1cb585880c9e3a1573"
  },
  "ad_id": 7,
  "ad_name": "Abhi",
  "ad_mobile": "7878787457",
  "ad_email": "abhi@gmail.com",
  "ad_password": "Abhi@123",
  "ad_role": "Vendor",
  "ad_status": "0",
  "ad_created_by": ""
}]